<?xml version="1.0" encoding="UTF-8"?>
<project-private xmlns="http://www.netbeans.org/ns/project-private/1">
    <editor-bookmarks xmlns="http://www.netbeans.org/ns/editor-bookmarks/2" lastBookmarkId="0"/>
    <open-files xmlns="http://www.netbeans.org/ns/projectui-open-files/2">
        <group>
            <file>file:/D:/java/Project/Lost_Found/web/ComplainForm.jsp</file>
            <file>file:/D:/java/Project/Lost_Found/web/login.png</file>
            <file>file:/D:/java/Project/Lost_Found/web/authcode.jsp</file>
            <file>file:/D:/java/Project/Lost_Found/web/seeReport.jsp</file>
            <file>file:/D:/java/Project/Lost_Found/web/adminpage.jsp</file>
            <file>file:/D:/java/Project/Lost_Found/web/govtSeeComplain.jsp</file>
            <file>file:/D:/java/Project/Lost_Found/web/govtSeeReport.jsp</file>
            <file>file:/D:/java/Project/Lost_Found/web/newLogIn.jsp</file>
            <file>file:/D:/java/Project/Lost_Found/web/UserPage.jsp</file>
            <file>file:/D:/java/Project/Lost_Found/web/seeComplain.jsp</file>
            <file>file:/D:/java/Project/Lost_Found/web/govtpage.jsp</file>
            <file>file:/D:/java/Project/Lost_Found/web/authpage.jsp</file>
            <file>file:/D:/java/Project/Lost_Found/web/Styling.css</file>
            <file>file:/D:/java/Project/Lost_Found/web/Report.jsp</file>
        </group>
    </open-files>
</project-private>
